product_key,product_code,product_name,brand,category,subcategory,unit_price,primary_supplier,source_id
1,"ELE-001","Laptops M001","Acme","electronics","Laptops",220.9,"Supplier A","SAP-100001"
2,"ELE-019","Laptops M019","Vanta","electronics","Laptops",694.96,"Supplier D","SAP-100019"
3,"ELE-018","Phones M018","Hooli","electronics","Phones",624.02,"Supplier C","SAP-100018"
4,"ELE-002","Audio M002","Globex","electronics","Audio",648.68,"Supplier B","SAP-100002"
5,"APP-003","Mens M003","Initech","apparel","Mens",412.55,"Supplier C","SAP-100003"
6,"APP-004","Womens M004","Umbra","apparel","Womens",686.54,"Supplier D","SAP-100004"
7,"APP-005","Kids M005","Stark","apparel","Kids",260.92,"Supplier E","SAP-100005"
8,"HOM-006","Kitchen M006","Wayne","home","Kitchen",105.46,"Supplier F","SAP-100006"
9,"HOM-007","Furniture M007","Soylent","home","Furniture",319.4,"Supplier G","SAP-100007"
10,"HOM-008","Decor M008","Hooli","home","Decor",421.59,"Supplier H","SAP-100008"
11,"SPO-009","Fitness M009","Vanta","sports","Fitness",84.74,"Supplier I","SAP-100009"
12,"SPO-010","Outdoor M010","Lumen","sports","Outdoor",798.62,"Supplier J","SAP-100010"
13,"SPO-011","Team M011","Acme","sports","Team",76.56,"Supplier K","SAP-100011"
14,"BEA-012","Skincare M012","Globex","beauty","Skincare",886.92,"Supplier L","SAP-100012"
15,"BEA-013","Makeup M013","Initech","beauty","Makeup",351.41,"Supplier M","SAP-100013"
16,"BEA-014","Fragrance M014","Umbra","beauty","Fragrance",158.95,"Supplier N","SAP-100014"
17,"IND-015","Tools M015","Stark","industrial","Tools",636.11,"Supplier O","SAP-100015"
18,"IND-016","Safety M016","Wayne","industrial","Safety",576.96,"Supplier A","SAP-100016"
19,"IND-017","Fasteners M017","Soylent","industrial","Fasteners",424.1,"Supplier B","SAP-100017"
20,"ELE-020","Audio M020","Lumen","electronics","Audio",727.47,"Supplier E","SAP-100020"
21,"APP-021","Mens M021","Acme","apparel","Mens",823.13,"Supplier F","SAP-100021"
22,"APP-022","Womens M022","Globex","apparel","Womens",203.17,"Supplier G","SAP-100022"
23,"APP-023","Kids M023","Initech","apparel","Kids",583.92,"Supplier H","SAP-100023"
24,"HOM-024","Kitchen M024","Umbra","home","Kitchen",674.32,"Supplier I","SAP-100024"
25,"HOM-025","Furniture M025","Stark","home","Furniture",394.16,"Supplier J","SAP-100025"
26,"HOM-026","Decor M026","Wayne","home","Decor",897.63,"Supplier K","SAP-100026"
27,"SPO-027","Fitness M027","Soylent","sports","Fitness",683.87,"Supplier L","SAP-100027"
28,"SPO-028","Outdoor M028","Hooli","sports","Outdoor",156.58,"Supplier M","SAP-100028"
29,"SPO-029","Team M029","Vanta","sports","Team",355.52,"Supplier N","SAP-100029"
30,"BEA-030","Skincare M030","Lumen","beauty","Skincare",237.5,"Supplier O","SAP-100030"
31,"BEA-031","Makeup M031","Acme","beauty","Makeup",617.05,"Supplier A","SAP-100031"
32,"BEA-032","Fragrance M032","Globex","beauty","Fragrance",679.53,"Supplier B","SAP-100032"
33,"IND-033","Tools M033","Initech","industrial","Tools",274.75,"Supplier C","SAP-100033"
34,"IND-034","Safety M034","Umbra","industrial","Safety",654.05,"Supplier D","SAP-100034"
35,"IND-035","Fasteners M035","Stark","industrial","Fasteners",689.34,"Supplier E","SAP-100035"
36,"ELE-036","Phones M036","Wayne","electronics","Phones",568.39,"Supplier F","SAP-100036"
37,"ELE-037","Laptops M037","Soylent","electronics","Laptops",191.04,"Supplier G","SAP-100037"
38,"ELE-038","Audio M038","Hooli","electronics","Audio",858.85,"Supplier H","SAP-100038"
39,"APP-039","Mens M039","Vanta","apparel","Mens",545.07,"Supplier I","SAP-100039"
40,"APP-040","Womens M040","Lumen","apparel","Womens",336.24,"Supplier J","SAP-100040"
41,"APP-041","Kids M041","Acme","apparel","Kids",226.92,"Supplier K","SAP-100041"
42,"HOM-042","Kitchen M042","Globex","home","Kitchen",84.7,"Supplier L","SAP-100042"
43,"HOM-043","Furniture M043","Initech","home","Furniture",880.52,"Supplier M","SAP-100043"
44,"HOM-044","Decor M044","Umbra","home","Decor",598.88,"Supplier N","SAP-100044"
45,"SPO-045","Fitness M045","Stark","sports","Fitness",481.99,"Supplier O","SAP-100045"
46,"SPO-046","Outdoor M046","Wayne","sports","Outdoor",837.09,"Supplier A","SAP-100046"
47,"SPO-047","Team M047","Soylent","sports","Team",645.96,"Supplier B","SAP-100047"
48,"BEA-048","Skincare M048","Hooli","beauty","Skincare",345.48,"Supplier C","SAP-100048"
49,"BEA-049","Makeup M049","Vanta","beauty","Makeup",234.4,"Supplier D","SAP-100049"
50,"BEA-050","Fragrance M050","Lumen","beauty","Fragrance",505.22,"Supplier E","SAP-100050"
51,"IND-051","Tools M051","Acme","industrial","Tools",641.44,"Supplier F","SAP-100051"
52,"IND-052","Safety M052","Globex","industrial","Safety",42.8,"Supplier G","SAP-100052"
53,"IND-053","Fasteners M053","Initech","industrial","Fasteners",261.45,"Supplier H","SAP-100053"
54,"ELE-054","Phones M054","Umbra","electronics","Phones",655.17,"Supplier I","SAP-100054"
55,"ELE-055","Laptops M055","Stark","electronics","Laptops",230.05,"Supplier J","SAP-100055"
56,"ELE-056","Audio M056","Wayne","electronics","Audio",98.48,"Supplier K","SAP-100056"
57,"APP-057","Mens M057","Soylent","apparel","Mens",378.83,"Supplier L","SAP-100057"
58,"APP-058","Womens M058","Hooli","apparel","Womens",593.31,"Supplier M","SAP-100058"
59,"APP-059","Kids M059","Vanta","apparel","Kids",659.47,"Supplier N","SAP-100059"
60,"HOM-060","Kitchen M060","Lumen","home","Kitchen",184.56,"Supplier O","SAP-100060"
