product_key,month,units
1,2025-01-01 00:00:00.000,134
1,2025-02-01 00:00:00.000,343
1,2025-03-01 00:00:00.000,441
1,2025-04-01 00:00:00.000,250
1,2025-05-01 00:00:00.000,270
1,2025-06-01 00:00:00.000,494
1,2025-07-01 00:00:00.000,327
1,2025-08-01 00:00:00.000,160
1,2025-09-01 00:00:00.000,305
1,2025-10-01 00:00:00.000,198
1,2025-11-01 00:00:00.000,312
1,2025-12-01 00:00:00.000,200
4,2025-01-01 00:00:00.000,300
4,2025-02-01 00:00:00.000,58
4,2025-03-01 00:00:00.000,178
4,2025-04-01 00:00:00.000,180
4,2025-05-01 00:00:00.000,432
4,2025-06-01 00:00:00.000,234
4,2025-07-01 00:00:00.000,316
4,2025-08-01 00:00:00.000,88
4,2025-09-01 00:00:00.000,416
4,2025-10-01 00:00:00.000,344
4,2025-11-01 00:00:00.000,361
4,2025-12-01 00:00:00.000,409
5,2025-01-01 00:00:00.000,152
5,2025-02-01 00:00:00.000,470
5,2025-03-01 00:00:00.000,314
5,2025-04-01 00:00:00.000,302
5,2025-05-01 00:00:00.000,43
5,2025-06-01 00:00:00.000,344
5,2025-07-01 00:00:00.000,68
5,2025-08-01 00:00:00.000,160
5,2025-09-01 00:00:00.000,60
5,2025-10-01 00:00:00.000,122
5,2025-11-01 00:00:00.000,156
5,2025-12-01 00:00:00.000,59
6,2025-01-01 00:00:00.000,93
6,2025-02-01 00:00:00.000,191
6,2025-03-01 00:00:00.000,355
6,2025-04-01 00:00:00.000,72
6,2025-05-01 00:00:00.000,261
6,2025-06-01 00:00:00.000,198
6,2025-07-01 00:00:00.000,214
6,2025-08-01 00:00:00.000,305
6,2025-09-01 00:00:00.000,70
6,2025-10-01 00:00:00.000,294
6,2025-11-01 00:00:00.000,196
6,2025-12-01 00:00:00.000,216
7,2025-01-01 00:00:00.000,95
7,2025-02-01 00:00:00.000,249
7,2025-03-01 00:00:00.000,325
7,2025-04-01 00:00:00.000,275
7,2025-05-01 00:00:00.000,355
7,2025-06-01 00:00:00.000,470
7,2025-07-01 00:00:00.000,330
7,2025-08-01 00:00:00.000,476
7,2025-09-01 00:00:00.000,88
7,2025-10-01 00:00:00.000,284
7,2025-11-01 00:00:00.000,85
7,2025-12-01 00:00:00.000,250
8,2025-01-01 00:00:00.000,147
8,2025-02-01 00:00:00.000,71
8,2025-03-01 00:00:00.000,95
8,2025-04-01 00:00:00.000,161
8,2025-05-01 00:00:00.000,431
8,2025-06-01 00:00:00.000,230
8,2025-07-01 00:00:00.000,317
8,2025-08-01 00:00:00.000,27
8,2025-09-01 00:00:00.000,443
8,2025-10-01 00:00:00.000,183
8,2025-11-01 00:00:00.000,487
8,2025-12-01 00:00:00.000,4
9,2025-01-01 00:00:00.000,248
9,2025-02-01 00:00:00.000,69
9,2025-03-01 00:00:00.000,99
9,2025-04-01 00:00:00.000,417
9,2025-05-01 00:00:00.000,196
9,2025-06-01 00:00:00.000,493
9,2025-07-01 00:00:00.000,287
9,2025-08-01 00:00:00.000,258
9,2025-09-01 00:00:00.000,334
9,2025-10-01 00:00:00.000,253
9,2025-11-01 00:00:00.000,209
9,2025-12-01 00:00:00.000,350
10,2025-01-01 00:00:00.000,251
10,2025-02-01 00:00:00.000,212
10,2025-03-01 00:00:00.000,363
10,2025-04-01 00:00:00.000,430
10,2025-05-01 00:00:00.000,227
10,2025-06-01 00:00:00.000,250
10,2025-07-01 00:00:00.000,85
10,2025-08-01 00:00:00.000,42
10,2025-09-01 00:00:00.000,289
10,2025-10-01 00:00:00.000,15
10,2025-11-01 00:00:00.000,407
10,2025-12-01 00:00:00.000,389
11,2025-01-01 00:00:00.000,112
11,2025-02-01 00:00:00.000,149
11,2025-03-01 00:00:00.000,16
11,2025-04-01 00:00:00.000,140
11,2025-05-01 00:00:00.000,115
11,2025-06-01 00:00:00.000,275
11,2025-07-01 00:00:00.000,147
11,2025-08-01 00:00:00.000,86
11,2025-09-01 00:00:00.000,399
11,2025-10-01 00:00:00.000,234
11,2025-11-01 00:00:00.000,289
11,2025-12-01 00:00:00.000,380
12,2025-01-01 00:00:00.000,395
12,2025-02-01 00:00:00.000,392
12,2025-03-01 00:00:00.000,253
12,2025-04-01 00:00:00.000,281
12,2025-05-01 00:00:00.000,261
12,2025-06-01 00:00:00.000,57
12,2025-07-01 00:00:00.000,293
12,2025-08-01 00:00:00.000,58
12,2025-09-01 00:00:00.000,137
12,2025-10-01 00:00:00.000,396
12,2025-11-01 00:00:00.000,278
12,2025-12-01 00:00:00.000,421
13,2025-01-01 00:00:00.000,187
13,2025-02-01 00:00:00.000,277
13,2025-03-01 00:00:00.000,421
13,2025-04-01 00:00:00.000,387
13,2025-05-01 00:00:00.000,21
13,2025-06-01 00:00:00.000,389
13,2025-07-01 00:00:00.000,368
13,2025-08-01 00:00:00.000,225
13,2025-09-01 00:00:00.000,279
13,2025-10-01 00:00:00.000,111
13,2025-11-01 00:00:00.000,217
13,2025-12-01 00:00:00.000,52
14,2025-01-01 00:00:00.000,376
14,2025-02-01 00:00:00.000,424
14,2025-03-01 00:00:00.000,334
14,2025-04-01 00:00:00.000,384
14,2025-05-01 00:00:00.000,126
14,2025-06-01 00:00:00.000,152
14,2025-07-01 00:00:00.000,447
14,2025-08-01 00:00:00.000,16
14,2025-09-01 00:00:00.000,230
14,2025-10-01 00:00:00.000,134
14,2025-11-01 00:00:00.000,178
14,2025-12-01 00:00:00.000,441
15,2025-01-01 00:00:00.000,418
15,2025-02-01 00:00:00.000,44
15,2025-03-01 00:00:00.000,224
15,2025-04-01 00:00:00.000,443
15,2025-05-01 00:00:00.000,60
15,2025-06-01 00:00:00.000,397
15,2025-07-01 00:00:00.000,415
15,2025-08-01 00:00:00.000,121
15,2025-09-01 00:00:00.000,107
15,2025-10-01 00:00:00.000,415
15,2025-11-01 00:00:00.000,377
15,2025-12-01 00:00:00.000,301
16,2025-01-01 00:00:00.000,352
16,2025-02-01 00:00:00.000,179
16,2025-03-01 00:00:00.000,440
16,2025-04-01 00:00:00.000,363
16,2025-05-01 00:00:00.000,312
16,2025-06-01 00:00:00.000,323
16,2025-07-01 00:00:00.000,219
16,2025-08-01 00:00:00.000,84
16,2025-09-01 00:00:00.000,315
16,2025-10-01 00:00:00.000,71
16,2025-11-01 00:00:00.000,401
16,2025-12-01 00:00:00.000,105
17,2025-01-01 00:00:00.000,416
17,2025-02-01 00:00:00.000,105
17,2025-03-01 00:00:00.000,412
17,2025-04-01 00:00:00.000,30
17,2025-05-01 00:00:00.000,291
17,2025-06-01 00:00:00.000,179
17,2025-07-01 00:00:00.000,272
17,2025-08-01 00:00:00.000,143
17,2025-09-01 00:00:00.000,305
17,2025-10-01 00:00:00.000,275
17,2025-11-01 00:00:00.000,86
17,2025-12-01 00:00:00.000,165
18,2025-01-01 00:00:00.000,360
18,2025-02-01 00:00:00.000,149
18,2025-03-01 00:00:00.000,148
18,2025-04-01 00:00:00.000,293
18,2025-05-01 00:00:00.000,136
18,2025-06-01 00:00:00.000,487
18,2025-07-01 00:00:00.000,439
18,2025-08-01 00:00:00.000,263
18,2025-09-01 00:00:00.000,460
18,2025-10-01 00:00:00.000,347
18,2025-11-01 00:00:00.000,417
18,2025-12-01 00:00:00.000,48
19,2025-01-01 00:00:00.000,69
19,2025-02-01 00:00:00.000,492
19,2025-03-01 00:00:00.000,384
19,2025-04-01 00:00:00.000,402
19,2025-05-01 00:00:00.000,210
19,2025-06-01 00:00:00.000,470
19,2025-07-01 00:00:00.000,30
19,2025-08-01 00:00:00.000,141
19,2025-09-01 00:00:00.000,443
19,2025-10-01 00:00:00.000,335
19,2025-11-01 00:00:00.000,64
19,2025-12-01 00:00:00.000,359
3,2025-01-01 00:00:00.000,443
3,2025-02-01 00:00:00.000,67
3,2025-03-01 00:00:00.000,127
3,2025-04-01 00:00:00.000,74
3,2025-05-01 00:00:00.000,364
3,2025-06-01 00:00:00.000,164
3,2025-07-01 00:00:00.000,424
3,2025-08-01 00:00:00.000,126
3,2025-09-01 00:00:00.000,389
3,2025-10-01 00:00:00.000,431
3,2025-11-01 00:00:00.000,346
3,2025-12-01 00:00:00.000,201
2,2025-01-01 00:00:00.000,250
2,2025-02-01 00:00:00.000,72
2,2025-03-01 00:00:00.000,295
2,2025-04-01 00:00:00.000,323
2,2025-05-01 00:00:00.000,137
2,2025-06-01 00:00:00.000,321
2,2025-07-01 00:00:00.000,212
2,2025-08-01 00:00:00.000,192
2,2025-09-01 00:00:00.000,231
2,2025-10-01 00:00:00.000,38
2,2025-11-01 00:00:00.000,324
2,2025-12-01 00:00:00.000,406
20,2025-01-01 00:00:00.000,450
20,2025-02-01 00:00:00.000,393
20,2025-03-01 00:00:00.000,47
20,2025-04-01 00:00:00.000,206
20,2025-05-01 00:00:00.000,263
20,2025-06-01 00:00:00.000,383
20,2025-07-01 00:00:00.000,142
20,2025-08-01 00:00:00.000,355
20,2025-09-01 00:00:00.000,479
20,2025-10-01 00:00:00.000,449
20,2025-11-01 00:00:00.000,188
20,2025-12-01 00:00:00.000,232
21,2025-01-01 00:00:00.000,486
21,2025-02-01 00:00:00.000,249
21,2025-03-01 00:00:00.000,167
21,2025-04-01 00:00:00.000,297
21,2025-05-01 00:00:00.000,1
21,2025-06-01 00:00:00.000,444
21,2025-07-01 00:00:00.000,396
21,2025-08-01 00:00:00.000,433
21,2025-09-01 00:00:00.000,375
21,2025-10-01 00:00:00.000,47
21,2025-11-01 00:00:00.000,374
21,2025-12-01 00:00:00.000,497
22,2025-01-01 00:00:00.000,234
22,2025-02-01 00:00:00.000,325
22,2025-03-01 00:00:00.000,340
22,2025-04-01 00:00:00.000,357
22,2025-05-01 00:00:00.000,183
22,2025-06-01 00:00:00.000,435
22,2025-07-01 00:00:00.000,32
22,2025-08-01 00:00:00.000,407
22,2025-09-01 00:00:00.000,273
22,2025-10-01 00:00:00.000,203
22,2025-11-01 00:00:00.000,111
22,2025-12-01 00:00:00.000,495
23,2025-01-01 00:00:00.000,219
23,2025-02-01 00:00:00.000,422
23,2025-03-01 00:00:00.000,108
23,2025-04-01 00:00:00.000,253
23,2025-05-01 00:00:00.000,137
23,2025-06-01 00:00:00.000,165
23,2025-07-01 00:00:00.000,424
23,2025-08-01 00:00:00.000,145
23,2025-09-01 00:00:00.000,172
23,2025-10-01 00:00:00.000,280
23,2025-11-01 00:00:00.000,295
23,2025-12-01 00:00:00.000,66
24,2025-01-01 00:00:00.000,289
24,2025-02-01 00:00:00.000,436
24,2025-03-01 00:00:00.000,248
24,2025-04-01 00:00:00.000,403
24,2025-05-01 00:00:00.000,175
24,2025-06-01 00:00:00.000,457
24,2025-07-01 00:00:00.000,349
24,2025-08-01 00:00:00.000,390
24,2025-09-01 00:00:00.000,24
24,2025-10-01 00:00:00.000,23
24,2025-11-01 00:00:00.000,50
24,2025-12-01 00:00:00.000,320
